subreddit,region
AskReddit,
atheism,
leagueoflegends,
AskMen,
canada,CA
BabyBumps,
formula1,
wicked_edge,
Homebrewing,
teenagers,
edmproduction,
TheSilphRoad,
boardgames,
Gunners,GB
beer,
fantasyfootball,
AskWomen,
CasualConversation,
FFBraveExvius,
Ficiverse,
headphones,
bicycling,
ottawa,CA
Indiemakeupandmore,
trees,
financialindependence,
knifeclub,
xxfitness,
polyamory,
Frugal,
oaklandraiders,US
summonerswar,
detroitlions,US
ABDL,
LiverpoolFC,GB
india,IN
Monstercat,
starcraft,
eu4,
grandorder,
fireemblem,
secretsanta,
Browns,US
weddingplanning,
bodybuilding,
AskAnAmerican,
furry,
Everton,GB
socialism,
synthesizers,
gaymers,
Random_Acts_Of_Amazon,
RocketLeagueExchange,
solotravel,
MLPLounge,
metalgearsolid,
ScottishPeopleTwitter,
OnePieceTC,
DnB,
sandiego,US
fountainpens,
asktransgender,
ffxiv,
PKA,
belgium,BG
Colts,US
kancolle,
OnePiece,
DIY_eJuice,
unitedkingdom,GB
streetwear,
pesmobile,
hiphopheads,
NBASpurs,
OttawaSenators,CA
infj,
UIUC,US
asoiaf,
CasualUK,GB
vancouver,CA
NoFap,
chelseafc,GB
civbattleroyale,
TeamSolomid,
exmormon,
salesforce,
Frat,
soccer,
Wishlist,
Smite,
Frozen,
beyondthebump,
Warmachine,
crossfit,
muacjdiscussion,
askgaybros,
devils,US
newjersey,US
OkCupid,
CHIBears,US
tampa,US
aiclass,
TwoXChromosomes,
ravens,US
poppunkers,
Cubers,
IWantOut,
49ers,US
femalefashionadvice,
harrypotter,
PersonalFinanceCanada,CA
europe,150
wow,
FantasyPL,
Metalcore,
Yogscast,
supremeclothing,
Eve,
steelers,US
guns,
vegan,
rupaulsdragrace,
fcbayern,DE
southafrica,ZA
minnesotavikings,US
Entrepreneur,
exjw,
discgolf,
BokuNoHeroAcademia,
nSuns,
swanseacity,GB
NintendoNX,
bravefrontier,
actuallesbians,
Seattle,US
motorcycles,
MakingaMurderer,
running,
McDonalds,
Fitness,
nyc,US
Watches,
cringepics,
gaybros,
punk,
xxketo,
StarVStheForcesofEvil,
DC_Cinematic,
giantbomb,
Android,
sixers,US
comicbooks,
Eugene,US
nfl,
NYGiants,US
suns,US
Anarcho_Capitalism,
DataHoarder,
torontoraptors,CA
islam,
cscareerquestions,
neopets,
soccerspirits,
bayarea,US
BostonBruins,US
NoMansSkyTheGame,
heat,
Scotch,
CowChop,
ElectricForest,
infertility,
travel,
dogecoin,
opiates,
food,
Coachella,
Alabama,US
albania,AL
avfc,GB
Survival,
lakers,US
MCFC,GB
ModestMouse,
Catholicism,
auckland,AU
thebachelor,
realdubstep,
cycling,
ManyATrueNerd,
povertyfinance,
DetroitRedWings,US
ontario,CA
AskRedditAfterDark,
ireland,IE
matt,
slashdiablo,
StLouisRams,US
SFGiants,US
chicagobulls,US
Team_Monarch,
malefashionadvice,
communism,
exmuslim,
guitarpedals,
nerdcubed,
rollercoasters,
bigdickproblems,
superstarsmtown,
OpTicGaming,
jakeandamir,
DBZDokkanBattle,
tall,
chicago,US
Fallout,
anime,
radiohead,
SchoolIdolFestival,
Barca,ES
CFBOffTopic,
kindafunny,
Disneyland,
wildhockey,US
starbucks,
funny,
cocktails,
MakeupAddiction,
ADHD,
CampingandHiking,
UniUK,GB
lifeisstrange,
Seahawks,US
Juve,
Libertarian,
digitalnomad,
hcfactions,
childfree,
AskNYC,US
photography,
AsianBeauty,
HalfLife,
gorillaz,
TryingForABaby,
Sacramento,US
leanfire,
entwives,
DaftPunk,
LesbianGamers,
MonsterHunter,
DarK,
newzealand,NZ
ForeverAlone,
rva,
Washington,US
cars,
dubai,AE
reddCoin,
pakistan,PK
nba,
Vaping,
Accounting,
TaylorSwift,
CalgaryFlames,CA
coys,GB
realmadrid,ES
totalwar,
SNSD,
keto,
Flyers,US
pcmasterrace,
mylittlepony,
crossdressing,
Kanye,
NOLAPelicans,US
lgbt,
orphanblack,
UKPersonalFinance,GB
BlackwellAcademy,
korea,KR
BitTippers,
avicii,
penguins,US
Brazil,BR
tf2west,
AskWomenOver30,
starwarstrader,
ftm,
skyrim,
ACMilan,IT
CBDhempBuds,
electronic_cigarette,
SecularTeens,
vertcoin,
reddit.com,
FIFA,
ColoradoAvalanche,US
LoveNikki,
serialpodcast,
Letterkenny,
memes,
northernireland,GB
hulaween,
NewYorkIslanders,US
Drugs,
AskTeenGirls,
RandomActsOfPolish,
Rockband,
brisbane,AU
straightedge,
dotnet,
BostonU,US
aikido,
RedLetterMedia,
cfs,
billiards,
askteenboys,
Fantasy,
KamenRider,
California,US
AskEurope,150
intj,
dankmemes,
RPGdesign,
engineering,
forhonor,
LesbianActually,
lacrosse,
CollegeBasketball,
Tomorrowland,
Deathcore,
AFL,
Music,
sadboys,
mindcrack,
RandomActsofMakeup,
leafs,CA
DanLeBatardShow,
Guitar,
roosterteeth,
ATV,
washingtonwizards,US
GenderCritical,
london,GB
MMA,
gamegrumps,
EatCheapAndHealthy,
Nepal,NP
Dallas,US
swordartonline,
bristol,GB
ukcigars,GB
skrillex,
Megaten,
latebloomerlesbians,
arizona,US
Mariners,US
sysadmin,
PoliticalDiscussion,
Anarchism,
NevilleGoddard,
EchoCreek,
Team_Snake,
stalker,
letsplay,
forestry,
eagles,US
rapbattles,
HongKong,HK
sewing,
SimplePlanes,
datingoverthirty,
Nerf,
weezer,
GlobalOffensive,
barista,
bjj,
TeamNoisemakers,
Kuwait,KW
TechnoProduction,
iran,IR
trueaustralia,AU
eroticauthors,
duolingo,
Turkey,TR
boston,US
ApplyingToCollege,
bmx,
CODZombies,
mlclass,
short,
LosAngeles,US
DJs,
GlobalOffensiveTrade,
Emo,
Cigarettes,
GrandTheftAutoV_PC,
cincinnati,US
Chefit,
DotA2,
FCInterMilan,IT
dayz,
Dofus,
100DaysofKeto,
Boxing,
miamidolphins,US
Coffee,
NormMacdonald,
NewOrleans,US
loseit,
weedstocks,
namenerds,
shanghai,CN
TheCultCast,
schalke04,
rugbyunion,
electricdaisycarnival,
spain,ES
oboards,
gainit,
AskLosAngeles,US
entp,
thelastofus,
Groningen,NL
gonewild,
Luxembourg,LU
arabs,
electrohouse,
clothdiaps,
comedyheaven,
vinyl,
podcasts,
XXXTENTACION,
RATS,
Rateme,
gratefuldoe,
ClubTeen,
Philippines,PH
DippingTobacco,
INTP,
FlashTV,
SandersForPresident,
windows,
infp,
radiocontrol,
Nexus6P,
houston,US
bikecommuting,
skam,
Snus,
ChemicalEngineering,
AskUK,GB
EauxClaires,
classicalguitar,
BBW,
halifax,CA
KansasCityChiefs,US
GWABackstage,
BarBands,
wien,AT
languagelearning,
survivor,
flyfishing,
Connecticut,US
wwesupercard,
tolkienfans,
Detroit,US
virtualgeisha,
AskGaybrosOver30,
sociopath,
Calgary,CA
ClassicWhitemane,
RedHotChiliPeppers,
nffc,GB
CysticFibrosis,
Wilmington,US
Gunpla,
Wicca,
littlespace,
indonesia,ID
Finland,FI
John_Frusciante,
rollerderby,
PlantBasedDiet,
pokemon,
croatia,HR
pacers,US
flying,
stopdrinking,
vaporents,
Naruto,
Machinists,
gayyoungold,
ultrahardcore,
HelloInternet,
China,CN
aves,
smashbros,
LiveFromNewYork,
TheVeneration,
Arkansas,US
hinduism,
oregon,US
golf,
TheCube,
evangelion,
exAdventist,
poledancing,
arrow,
worldcup,
dfsports,
olympiquedemarseille,FR
newfoundland,CA
crayonpop,
berlin,DE
streamentry,
skiing,
futurebeatproducers,
gojira,
MDMA,
Israel,IL
asianamerican,
leicester,GB
blackdesertonline,
movies,
PembertonFestival,CA
amiibo,
MylifewithFel,
NYCFC,US
Northwestern,US
feetpics,
LearnFinnish,
hockey,
Texans,US
wma,
Charlotte,US
U2Band,
virginients,US
mapmaking,
UCSC,US
mattcolville,
chat,
eldertrees,
Snorkblot,
OneTruthPrevails,
Ohio,US
DeathPositive,
Miami,US
gonewildcolor,
germany,DE
PrettyLittleLiars,
billwurtzmemes,
preppers,
EVEX,
blackladies,
Christianity,
asexuality,
TuberSimulator,
FenerbahceSK,TR
lucifer,
longboarding,
orlando,US
orioles,US
MTB,
canucks,CA
QueerWomenOfColor,
905,CA
tappedout,
teenagersnew,
uktrees,GB
fnv,
simpleliving,
CrusaderKings,
stepparents,
saskatoon,CA
vzla,VE
StardewValley,
youngjustice,
doordash,
HIMYM,
armenia,AM
yerbamate,
WeAreTheMusicMakers,
Albuquerque,US
kurdistan,IQ
SourceFed,
Alex,
callmebyyourname,
January2017Bumpers,
nihilism,
funkopop,
Wet_Shavers,
Punkskahardcore,
FinalFantasy,
ECRs,
oakland,US
backpacking,
cardistry,
teengirlswholikegirls,
math,
Harmontown,
breakingmom,
Slipknot,
vipkid,
MakeupAddictionCanada,CA
wolves,
millionairemakers,
lockpicking,
AskTruFemcels,
osugame,
Nurse,
RhodeIsland,US
RightwingLGBT,
OhNoMomWentWild,
argentina,AR
intermittentfasting,
Spanish,
EliteDangerous,
ft86,
nyjets,US
providence,US
portugaltheman,
bengals,US
yandere_simulator,
AskTrollX,
EnterShikari,
Judaism,
mcgill,CA
PokemonGoRed,
TwoXUK,GB
Gomorrah,
mwo,
Rammstein,
Untappd,
nova,US
tickling,
warriors,US